Argentina,3,DF,TAGLIAFICO Nicolas,TAGLIAFICO
Argentina,22,MF,PAVON Cristian,PAVÓN
Argentina,15,MF,LANZINI Manuel,LANZINI
Argentina,18,DF,SALVIO Eduardo,SALVIO
Argentina,10,FW,MESSI Lionel,MESSI
Argentina,4,DF,ANSALDI Cristian,ANSALDI
Argentina,5,MF,BIGLIA Lucas,BIGLIA
Argentina,7,MF,BANEGA Ever,BANEGA
Argentina,14,DF,MASCHERANO Javier,MASCHERANO
Argentina,21,FW,DYBALA Paulo,DYBALA
Argentina,19,FW,AGUERO Sergio,AGÜERO
Argentina,9,FW,HIGUAIN Gonzalo,HIGUAÍN
Argentina,11,MF,DI MARIA Angel,DI MARÍA
Argentina,20,MF,LO CELSO Giovani,LO CELSO
Argentina,13,MF,MEZA Maximiliano,MEZA
Argentina,8,DF,ACUNA Marcos,ACUÑA
Argentina,23,GK,CABALLERO Wilfredo,CABALLERO
Argentina,2,DF,MERCADO Gabriel,MERCADO
Argentina,17,DF,OTAMENDI Nicolas,OTAMENDI
Argentina,16,DF,ROJO Marcos,ROJO
Argentina,6,DF,FAZIO Federico,FAZIO
Argentina,12,GK,ARMANI Franco,ARMANI
Argentina,1,GK,GUZMAN Nahuel,GUZMÁN
Australia,16,DF,BEHICH Aziz,BEHICH
Australia,10,FW,KRUSE Robbie,KRUSE
Australia,19,DF,RISDON Joshua,RISDON
Australia,3,DF,MEREDITH James,MEREDITH
Australia,13,MF,MOOY Aaron,MOOY
Australia,14,FW,MacLAREN Jamie,MACLAREN
Australia,21,FW,PETRATOS Dimitrios,PETRATOS
Australia,17,FW,ARZANI Daniel,ARZANI
Australia,4,FW,CAHILL Tim,CAHILL
Australia,8,MF,LUONGO Massimo,LUONGO
Australia,20,DF,SAINSBURY Trent,SAINSBURY
Australia,22,MF,IRVINE Jackson,IRVINE
Australia,5,DF,MILLIGAN Mark,MILLIGAN
Australia,15,MF,JEDINAK Mile,JEDINAK
Australia,9,FW,JURIC Tomi,JURIC
Australia,1,GK,RYAN Mathew,RYAN
Australia,6,DF,JURMAN Matthew,JURMAN
Australia,7,FW,LECKIE Mathew,LECKIE
Australia,2,DF,DEGENEK Milos,DEGENEK
Australia,11,FW,NABBOUT Andrew,NABBOUT
Australia,12,GK,JONES Brad,JONES
Australia,23,MF,ROGIC Tom,ROGIC
Australia,18,GK,VUKOVIC Danny,VUKOVIC
Belgium,14,FW,MERTENS Dries,MERTENS
Belgium,11,MF,CARRASCO Yannick,CARRASCO
Belgium,7,MF,DE BRUYNE Kevin,DE BRUYNE
Belgium,16,MF,HAZARD Thorgan,T. HAZARD
Belgium,17,MF,TIELEMANS Youri,TIELEMANS
Belgium,6,MF,WITSEL Axel,WITSEL
Belgium,10,FW,HAZARD Eden,E. HAZARD
Belgium,18,FW,JANUZAJ Adnan,JANUZAJ
Belgium,23,DF,DENDONCKER Leander,DENDONCKER
Belgium,21,FW,BATSHUAYI Michy,BATSHUAYI
Belgium,3,DF,VERMAELEN Thomas,VERMAELEN
Belgium,2,DF,ALDERWEIRELD Toby,ALDERWEIRELD
Belgium,19,MF,DEMBELE Moussa,DEMBELE
Belgium,20,DF,BOYATA Dedryck,BOYATA
Belgium,4,DF,KOMPANY Vincent,KOMPANY
Belgium,8,MF,FELLAINI Marouane,FELLAINI
Belgium,22,MF,CHADLI Nacer,CHADLI
Belgium,5,DF,VERTONGHEN Jan,VERTONGHEN
Belgium,13,GK,CASTEELS Koen,CASTEELS
Belgium,12,GK,MIGNOLET Simon,MIGNOLET
Belgium,15,DF,MEUNIER Thomas,MEUNIER
Belgium,1,GK,COURTOIS Thibaut,COURTOIS
Belgium,9,FW,LUKAKU Romelu,R. LUKAKU
Brazil,18,MF,FRED,FRED
Brazil,21,FW,TAISON,TAISON
Brazil,17,MF,FERNANDINHO,FERNANDINHO
Brazil,22,DF,FAGNER,FAGNER
Brazil,10,FW,NEYMAR,NEYMAR JR
Brazil,11,MF,PHILIPPE COUTINHO,P. COUTINHO
Brazil,7,FW,DOUGLAS COSTA,D. COSTA
Brazil,6,DF,FILIPE LUIS,FILIPE LUIS
Brazil,9,FW,GABRIEL JESUS,G. JESUS
Brazil,13,DF,MARQUINHOS,MARQUINHOS
Brazil,20,FW,ROBERTO FIRMINO,FIRMINO
Brazil,19,MF,WILLIAN,WILLIAN
Brazil,3,DF,MIRANDA,MIRANDA
Brazil,14,DF,DANILO,DANILO
Brazil,2,DF,THIAGO SILVA,T. SILVA
Brazil,12,DF,MARCELO,MARCELO
Brazil,15,MF,PAULINHO,PAULINHO
Brazil,4,DF,PEDRO GEROMEL,GEROMEL
Brazil,5,MF,CASEMIRO,CASEMIRO
Brazil,8,MF,RENATO AUGUSTO,R. AUGUSTO
Brazil,23,GK,EDERSON,EDERSON
Brazil,1,GK,ALISSON,A. BECKER
Brazil,16,GK,CASSIO,CASSIO
Colombia,20,MF,QUINTERO Juan,J. QUINTERO
Colombia,17,DF,MOJICA Johan,J. MOJICA
Colombia,16,MF,LERMA Jefferson,J. LERMA
Colombia,4,DF,ARIAS Santiago,ARIAS
Colombia,15,MF,URIBE Mateus,M. URIBE
Colombia,9,FW,FALCAO Radamel,FALCAO
Colombia,11,MF,CUADRADO Juan,CUADRADO
Colombia,18,DF,FABRA Frank,FABRA
Colombia,21,FW,IZQUIERDO Jose,IZQUIERDO
Colombia,5,MF,BARRIOS  Wilmar,BARRIOS
Colombia,19,FW,BORJA Miguel,M. BORJA
Colombia,10,MF,RODRIGUEZ James,JAMES
Colombia,7,FW,BACCA Carlos,BACCA
Colombia,14,FW,MURIEL Luis,L. MURIEL
Colombia,1,GK,OSPINA David,OSPINA
Colombia,3,DF,MURILLO Oscar,O. MURILLO
Colombia,12,GK,VARGAS Camilo,C. VARGAS
Colombia,22,GK,CUADRADO Jose,J.F. CUADRADO
Colombia,23,DF,SANCHEZ Davinson,D. SANCHEZ
Colombia,2,DF,ZAPATA Cristian,C. ZAPATA
Colombia,6,MF,SANCHEZ Carlos,C. SANCHEZ
Colombia,8,MF,AGUILAR Abel,AGUILAR T.
Colombia,13,DF,MINA Yerry,Y. MINA
Costa Rica,7,MF,BOLANOS Christian,C. BOLAÑOS
Costa Rica,16,DF,GAMBOA Cristian,C. GAMBOA
Costa Rica,17,MF,TEJEDA Yeltsin,Y. TEJEDA
Costa Rica,4,DF,SMITH Ian,I. SMITH
Costa Rica,8,DF,OVIEDO Bryan,B. OVIEDO
Costa Rica,13,MF,WALLACE Rodney,R. WALLACE
Costa Rica,21,FW,URENA Marcos,M. UREÑA
Costa Rica,22,DF,MATARRITA Ronald,R. MATARRITA
Costa Rica,23,GK,MOREIRA Leonel,L. MOREIRA
Costa Rica,12,FW,CAMPBELL Joel,J. CAMPBELL
Costa Rica,18,GK,PEMBERTON Patrick,P. PEMBERTON
Costa Rica,10,MF,RUIZ Bryan,BRYAN
Costa Rica,2,DF,ACOSTA Johnny,J. ACOSTA
Costa Rica,9,MF,COLINDRES Daniel,D. COLINDRES
Costa Rica,11,FW,VENEGAS Johan,J. VENEGAS
Costa Rica,3,DF,GONZALEZ Giancarlo,G. GONZALEZ
Costa Rica,15,DF,CALVO Francisco,F. CALVO
Costa Rica,20,MF,GUZMAN David,D. GUZMAN
Costa Rica,5,MF,BORGES Celso,C. BORGES
Costa Rica,1,GK,NAVAS Keylor,K. NAVAS
Costa Rica,6,DF,DUARTE Oscar,O. DUARTE
Costa Rica,14,MF,AZOFEIFA Randall,R. AZOFEIFA
Costa Rica,19,DF,WASTON Kendall,K. WASTON
Croatia,10,MF,MODRIC Luka,MODRI?
Croatia,11,MF,BROZOVIC Marcelo,BROZOVI?
Croatia,22,DF,PIVARIC Josip,PIVARI?
Croatia,9,FW,KRAMARIC Andrej,KRAMARI?
Croatia,2,DF,VRSALJKO Sime,VRSALJKO
Croatia,19,MF,BADELJ Milan,BADELJ
Croatia,21,DF,VIDA Domagoj,VIDA
Croatia,3,DF,STRINIC Ivan,STRINI?
Croatia,7,MF,RAKITIC Ivan,RAKITI?
Croatia,8,MF,KOVACIC Mateo,KOVA?I?
Croatia,14,MF,BRADARIC Filip,BRADARI?
Croatia,18,FW,REBIC Ante,REBI?
Croatia,4,FW,PERISIC Ivan,PERIŠI?
Croatia,13,DF,JEDVAJ Tin,JEDVAJ
Croatia,16,FW,KALINIC Nikola,N. KALINI?
Croatia,1,GK,LIVAKOVIC Dominik,LIVAKOVI?
Croatia,20,FW,PJACA Marko,PJACA
Croatia,5,DF,CORLUKA Vedran,?ORLUKA
Croatia,6,DF,LOVREN Dejan,LOVREN
Croatia,23,GK,SUBASIC Danijel,SUBAŠI?
Croatia,17,FW,MANDZUKIC Mario,MANDŽUKI?
Croatia,15,DF,CALETA-CAR Duje,?ALETA-CAR
Croatia,12,GK,KALINIC Lovre,L. KALINI?
Denmark,2,MF,KROHN-DEHLI Michael,KROHN-DEHLI
Denmark,23,FW,SISTO Pione,SISTO
Denmark,11,FW,BRAITHWAITE Martin,BRAITHWAITE
Denmark,10,MF,ERIKSEN Christian,ERIKSEN
Denmark,8,MF,DELANEY Thomas,DELANEY
Denmark,7,MF,KVIST William,KVIST
Denmark,15,FW,FISCHER Viktor,FISCHER
Denmark,19,MF,SCHONE Lasse,SCHÖNE
Denmark,14,DF,DALSGAARD Henrik,DALSGAARD
Denmark,5,DF,KNUDSEN Jonas,KNUDSEN
Denmark,17,DF,STRYGER LARSEN Jens,STRYGER
Denmark,4,DF,KJAER Simon,KJÆR
Denmark,20,FW,POULSEN Yussuf Yurary,YURARY
Denmark,6,DF,CHRISTENSEN Andreas,CHRISTENSEN
Denmark,12,FW,DOLBERG Kasper,DOLBERG
Denmark,13,DF,JORGENSEN Mathias,M. JØRGENSEN
Denmark,18,MF,LERAGER Lukas,LERAGER
Denmark,22,GK,RONNOW Frederik,RØNNOW
Denmark,9,FW,JORGENSEN Nicolai,N. JØRGENSEN
Denmark,16,GK,LOSSL Jonas,LÖSSL
Denmark,21,FW,CORNELIUS Andreas,CORNELIUS
Denmark,1,GK,SCHMEICHEL Kasper,SCHMEICHEL
Denmark,3,DF,VESTERGAARD Jannik,VESTERGAARD
Egypt,8,MF,TAREK HAMED,TAREK HAMED
Egypt,4,MF,OMAR GABER,O. GABER
Egypt,10,FW,MOHAMED SALAH,M SALAH
Egypt,13,DF,MOHAMED ABDELSHAFY,ABDELSHAFY
Egypt,15,DF,MAHMOUD HAMDY,M. HAMDY
Egypt,12,DF,AYMAN ASHRAF,A. ASHRAF
Egypt,17,MF,MOHAMED ELNENY,M. ELNENY
Egypt,5,MF,SAM MORSY,MORSY
Egypt,19,MF,ABDALLA SAID,ABDALLA
Egypt,3,DF,AHMED ELMOHAMADY,ELMOHAMADY
Egypt,7,DF,AHMED FATHI,A. FATHI
Egypt,11,FW,KAHRABA,M. KAHRABA
Egypt,14,FW,RAMADAN SOBHY,RAMADAN
Egypt,21,MF,TREZEGUET,M. TREZEGUET
Egypt,22,FW,AMR WARDA,WARDA
Egypt,18,FW,SHIKABALA,SHIKABALA
Egypt,9,FW,MARWAN MOHSEN,MARWAN
Egypt,20,DF,SAMIR SAAD,S. SAMIR
Egypt,23,GK,MOHAMED ELSHENAWY,M. ELSHENAWY
Egypt,2,DF,ALI GABR,ALI GABR
Egypt,1,GK,ESSAM EL HADARY,ELHADARY
Egypt,16,GK,SHERIF EKRAMY,EKRAMY
Egypt,6,DF,AHMED HEGAZY,A. HEGAZY
England,7,MF,LINGARD Jesse,LINGARD
England,10,FW,STERLING Raheem,STERLING
England,22,DF,ALEXANDER-ARNOLD Trent,ALEXANDER-ARNOLD
England,1,GK,PICKFORD Jordan,PICKFORD
England,5,DF,STONES John,STONES
England,12,DF,TRIPPIER Kieran,TRIPPIER
England,16,DF,JONES Phil,JONES
England,21,MF,LOFTUS-CHEEK Ruben,LOFTUS-CHEEK
England,3,DF,ROSE Danny,ROSE
England,20,MF,ALLI Dele,DELE
England,23,GK,POPE Nick,POPE
England,14,FW,WELBECK Danny,WELBECK
England,17,DF,DELPH Fabian,DELPH
England,18,DF,YOUNG Ashley,YOUNG
England,19,FW,RASHFORD Marcus,RASHFORD
England,11,FW,VARDY Jamie,VARDY
England,8,MF,HENDERSON Jordan,HENDERSON
England,2,DF,WALKER Kyle,WALKER
England,15,DF,CAHILL Gary,CAHILL
England,4,MF,DIER Eric,DIER
England,13,GK,BUTLAND Jack,BUTLAND
England,6,DF,MAGUIRE Harry,MAGUIRE
England,9,FW,KANE Harry,KANE
France,8,FW,LEMAR Thomas,LEMAR
France,11,FW,DEMBELE Ousmane,DEMBELE
France,13,MF,KANTE Ngolo,KANTE
France,7,FW,GRIEZMANN Antoine,GRIEZMANN
France,14,MF,MATUIDI Blaise,MATUIDI
France,2,DF,PAVARD Benjamin,PAVARD
France,18,FW,FEKIR Nabil,FEKIR
France,20,FW,THAUVIN Florian,THAUVIN
France,21,DF,HERNANDEZ Lucas,HERNANDEZ
France,3,DF,KIMPEMBE Presnel,KIMPEMBE
France,10,FW,MBAPPE Kylian,MBAPPE
France,4,DF,VARANE Raphael,VARANE
France,19,DF,SIDIBE Djibril,SIDIBE
France,1,GK,LLORIS Hugo,LLORIS
France,12,MF,TOLISSO Corentin,TOLISSO
France,5,DF,UMTITI Samuel,UMTITI
France,22,DF,MENDY Benjamin,MENDY
France,6,MF,POGBA Paul,POGBA
France,15,MF,NZONZI Steven,NZONZI
France,16,GK,MANDANDA Steve,MANDANDA
France,17,DF,RAMI Adil,RAMI
France,9,FW,GIROUD Olivier,GIROUD
France,23,GK,AREOLA Alphonse,AREOLA
Germany,11,FW,REUS Marco,REUS
Germany,10,MF,OEZIL Mesut,ÖZIL
Germany,18,DF,KIMMICH Joshua,KIMMICH
Germany,7,MF,DRAXLER Julian,DRAXLER
Germany,19,MF,RUDY Sebastian,RUDY
Germany,3,DF,HECTOR Jonas,HECTOR
Germany,9,FW,WERNER Timo,WERNER
Germany,13,MF,MUELLER Thomas,MÜLLER
Germany,2,DF,PLATTENHARDT Marvin,PLATTENHARDT
Germany,14,MF,GORETZKA Leon,GORETZKA
Germany,8,MF,KROOS Toni,KROOS
Germany,21,MF,GUENDOGAN Ilkay,GÜNDOGAN
Germany,6,DF,KHEDIRA Sami,KHEDIRA
Germany,20,MF,BRANDT Julian,BRANDT
Germany,23,FW,GOMEZ Mario,GOMEZ
Germany,4,DF,GINTER Matthias,GINTER
Germany,16,DF,RUEDIGER Antonio,RÜDIGER
Germany,22,GK,TER STEGEN Marc-Andre,TER STEGEN
Germany,12,GK,TRAPP Kevin,TRAPP
Germany,15,DF,SUELE Niklas,SÜLE
Germany,5,DF,HUMMELS Mats,HUMMELS
Germany,17,DF,BOATENG Jerome,BOATENG
Germany,1,GK,NEUER Manuel,NEUER
Iceland,23,DF,SKULASON Ari,A. SKÚLASON
Iceland,21,MF,TRAUSTASON Arnor,TRAUSTASON
Iceland,2,DF,SAEVARSSON Birkir,SÆVARSSON
Iceland,13,GK,RUNARSSON Runar,RÚNARSSON
Iceland,7,MF,GUDMUNDSSON Johann,J. GUDMUNDSSON
Iceland,8,MF,BJARNASON Birkir,B. BJARNASON
Iceland,3,MF,FRIDJONSSON Samuel,FRIDJÓNSSON
Iceland,19,MF,GISLASON Rurik,GISLASON
Iceland,11,FW,FINNBOGASON Alfred,FINNBOGASON
Iceland,16,MF,SKULASON Olafur,Ó. SKÚLASON
Iceland,4,MF,GUDMUNDSSON Albert,A. GUDMUNDSSON
Iceland,5,DF,INGASON Sverrir,INGASON
Iceland,15,DF,EYJOLFSSON Holmar,EYJÓLFSSON
Iceland,10,MF,SIGURDSSON Gylfi,G. SIGURDSSON
Iceland,14,DF,ARNASON Kari,ARNASON
Iceland,9,FW,SIGURDARSON Bjorn,SIGURDARSON
Iceland,18,DF,MAGNUSSON Hordur,MAGNÚSSON
Iceland,6,DF,SIGURDSSON Ragnar,R. SIGURDSSON
Iceland,17,MF,GUNNARSSON Aron,GUNNARSSON
Iceland,20,MF,HALLFREDSSON Emil,HALLFREDSSON
Iceland,1,GK,HALLDORSSON Hannes,HALLDORSSON
Iceland,22,FW,BODVARSSON Jon,BÖDVARSSON
Iceland,12,GK,SCHRAM Frederik,SCHRAM
IR Iran,5,DF,MOHAMMADI Milad,M. MOHAMMADI
IR Iran,2,MF,TORABI Mehdi,M. TORABI
IR Iran,11,MF,AMIRI Vahid,V. AMIRI
IR Iran,3,DF,HAJI SAFI Ehsan,HAJI SAFI
IR Iran,9,MF,EBRAHIMI Omid,OMID
IR Iran,23,DF,REZAEIAN Ramin,RAMIN
IR Iran,15,DF,MONTAZERI Pejman,P. MONTAZERI
IR Iran,18,FW,JAHANBAKHSH Alireza,A. JAHANBAKHSH
IR Iran,19,DF,HOSSEINI Majid,M. HOSSEINI
IR Iran,21,FW,DEJAGAH Ashkan,DEJAGAH
IR Iran,7,MF,SHOJAEI Masoud,SHOJAEI M.
IR Iran,14,FW,GHODDOS  Saman,GHODDOS
IR Iran,16,FW,GHOOCHANNEJHAD Reza,REZA
IR Iran,4,DF,CHESHMI Roozbeh,R. CHESHMI
IR Iran,10,FW,ANSARIFARD Karim,KARIM
IR Iran,13,DF,KHANZADEH Mohammad Reza,M.R. KHANZADEH
IR Iran,17,FW,TAREMI Mehdi,MEHDI
IR Iran,20,FW,AZMOUN Sardar,SARDAR
IR Iran,22,GK,ABEDZADEH Amir,ABEDZADEH
IR Iran,6,MF,EZATOLAHI Saeid,S. EZATOLAHI
IR Iran,8,DF,POURALIGANJI Morteza,M. POURALIGANJI
IR Iran,12,GK,MAZAHERI Rashid,RASHID
IR Iran,1,GK,BEIRANVAND Ali,A. BEIRANVAND
Japan,14,MF,INUI Takashi,INUI
Japan,7,MF,SHIBASAKI Gaku,SHIBASAKI
Japan,18,MF,OSHIMA Ryota,OHSHIMA
Japan,5,DF,NAGATOMO Yuto,NAGATOMO
Japan,8,MF,HARAGUCHI Genki,HARAGUCHI
Japan,10,MF,KAGAWA Shinji,KAGAWA
Japan,9,FW,OKAZAKI Shinji,OKAZAKI
Japan,19,DF,SAKAI Hiroki,H. SAKAI
Japan,15,FW,OSAKO Yuya,OSAKO
Japan,11,MF,USAMI Takashi,USAMI
Japan,13,FW,MUTO Yoshinori,MUTO
Japan,16,MF,YAMAGUCHI Hotaru,YAMAGUCHI
Japan,17,MF,HASEBE Makoto,HASEBE
Japan,23,GK,NAKAMURA Kosuke,NAKAMURA
Japan,1,GK,KAWASHIMA Eiji,KAWASHIMA
Japan,3,DF,SHOJI Gen,SHOJI
Japan,4,MF,HONDA Keisuke,HONDA
Japan,21,DF,SAKAI Gotoku,G. SAKAI
Japan,6,DF,ENDO Wataru,ENDO
Japan,20,DF,MAKINO Tomoaki,MAKINO
Japan,12,GK,HIGASHIGUCHI Masaaki,HIGASHIGUCHI
Japan,22,DF,YOSHIDA Maya,YOSHIDA
Japan,2,DF,UEDA Naomichi,UEDA
Korea Republic,10,MF,LEE Seungwoo,S W LEE
Korea Republic,22,DF,GO Yohan,Y H GO
Korea Republic,14,DF,HONG Chul,C HONG
Korea Republic,18,MF,MOON Seonmin,S M MOON
Korea Republic,12,DF,KIM Minwoo,M W KIM
Korea Republic,8,MF,JU Sejong,S J JU
Korea Republic,17,MF,LEE Jaesung,J S LEE
Korea Republic,6,DF,PARK Jooho,J H PARK
Korea Republic,13,MF,KOO Jacheol,J C KOO
Korea Republic,2,DF,LEE Yong,Y LEE
Korea Republic,3,DF,JUNG Seunghyun,S H JUNG
Korea Republic,19,DF,KIM Younggwon,Y G KIM
Korea Republic,16,MF,KI Sungyueng,S Y KI
Korea Republic,23,GK,JO Hyeonwoo,H W JO
Korea Republic,7,FW,SON Heungmin,H M SON
Korea Republic,11,FW,HWANG Heechan,H C HWANG
Korea Republic,20,DF,JANG Hyunsoo,H S JANG
Korea Republic,5,DF,YUN Youngsun,Y S YUN
Korea Republic,15,MF,JUNG Wooyoung,W Y JUNG
Korea Republic,4,DF,OH Bansuk,B S OH
Korea Republic,1,GK,KIM Seunggyu,S G KIM
Korea Republic,21,GK,KIM Jinhyeon,J H KIM
Korea Republic,9,FW,KIM Shinwook,S W KIM
Mexico,20,MF,AQUINO Javier,J. AQUINO
Mexico,18,MF,GUARDADO Andres,A. GUARDADO
Mexico,22,FW,LOZANO Hirving,H. LOZANO
Mexico,6,MF,DOS SANTOS Jonathan,J. DOS SANTOS
Mexico,17,MF,CORONA Jesus,JESÚS C.
Mexico,8,FW,FABIAN Marco,M. FABIÁN
Mexico,10,MF,DOS SANTOS Giovani,G. DOS SANTOS
Mexico,14,FW,HERNANDEZ Javier,J. HERNÁNDEZ
Mexico,7,MF,LAYUN Miguel,M. LAYÚN
Mexico,19,FW,PERALTA Oribe,O. PERALTA
Mexico,21,FW,ALVAREZ Edson,E. ÁLVAREZ
Mexico,23,MF,GALLARDO Jesus,J. GALLARDO
Mexico,13,GK,OCHOA Guillermo,G. OCHOA
Mexico,4,DF,MARQUEZ Rafael,R. MÁRQUEZ
Mexico,5,DF,REYES Diego,D. REYES
Mexico,11,FW,VELA Carlos,CARLOS V
Mexico,9,FW,JIMENEZ Raul,RAÚL
Mexico,16,DF,HERRERA Hector,H. HERRERA
Mexico,1,GK,CORONA Jose,J. CORONA
Mexico,2,DF,AYALA Hugo,H. AYALA
Mexico,15,DF,MORENO Hector,H. MORENO
Mexico,3,DF,SALCEDO Carlos,C. SALCEDO
Mexico,12,GK,TALAVERA Alfredo,A. TALAVERA
Morocco,14,MF,BOUSSOUFA Mbark,BOUSSOUFA
Morocco,2,DF,HAKIMI Achraf,HAKIMI
Morocco,18,MF,HARIT Amine,HARIT
Morocco,23,MF,CARCELA Mehdi,CARCELA
Morocco,3,DF,MENDYL Hamza,MENDYL
Morocco,7,MF,ZIYACH Hakim,ZIYACH
Morocco,22,GK,TAGNAOUTI Ahmed,TAGNAOUTI
Morocco,9,FW,EL KAABI Ayoub,EL KAABI
Morocco,11,MF,FAJR Faycal,FAJR
Morocco,10,MF,BELHANDA Younes,BELHANDA
Morocco,15,MF,AIT BENNASSER Youssef,AIT BENNASSER
Morocco,19,FW,EN NESYRI Youssef,EN-NESYRI
Morocco,6,DF,SAISS Romain,SAISS
Morocco,1,GK,BOUNOU Yassine,BOUNOU
Morocco,16,MF,AMRABAT Noureddine,N. AMRABAT
Morocco,21,MF,AMRABAT Sofyan,S. AMRABAT
Morocco,4,DF,DA COSTA Manuel,DA COSTA
Morocco,8,MF,EL AHMADI Karim,EL AHMADI
Morocco,13,FW,BOUTAIB Khalid,BOUTAIB
Morocco,20,FW,BOUHADDOUZ Aziz,BOUHADDOUZ
Morocco,17,DF,DIRAR Nabil,DIRAR
Morocco,5,DF,BENATIA Mehdi,BENATIA
Morocco,12,GK,EL KAJOUI Monir,EL KAJOUI
Nigeria,7,FW,MUSA Ahmed,MUSA
Nigeria,4,MF,NDIDI Onyinye,NDIDI
Nigeria,8,MF,ETEBO Oghenekaro,ETEBO
Nigeria,17,MF,ONAZI Ogenyi,ONAZI
Nigeria,21,DF,EBUEHI Tyronne,EBUEHI
Nigeria,2,DF,IDOWU Bryan,IDOWU
Nigeria,11,FW,MOSES Victor,MOSES
Nigeria,12,DF,SHEHU Abdullahi,SHEHU
Nigeria,20,DF,AWAZIEM Chidozie,AWAZIEM
Nigeria,15,MF,OBI Joel,OBI
Nigeria,1,GK,EZENWA Ikechukwu,EZENWA
Nigeria,14,FW,IHEANACHO Kelechi,IHEANACHO
Nigeria,3,DF,ECHIEJILE Elderson,ECHIEJILE
Nigeria,10,MF,MIKEL John Obi,MIKEL
Nigeria,22,DF,OMERUO Kenneth,OMERUO
Nigeria,9,FW,IGHALO Odion,IGHALO
Nigeria,5,DF,EKONG William,EKONG
Nigeria,18,FW,IWOBI Alex,IWOBI
Nigeria,6,DF,BALOGUN Leon,BALOGUN
Nigeria,13,FW,NWANKWO Simeon,NWANKWO
Nigeria,19,MF,OGU John,OGU
Nigeria,23,GK,UZOHO Francis,UZOHO
Nigeria,16,GK,AKPEYI Daniel,AKPEYI
Panama,19,MF,QUINTERO Alberto,QUINTERO
Panama,1,GK,PENEDO Jaime,PENEDO
Panama,8,MF,BARCENAS Edgar,BARCENAS
Panama,10,FW,DIAZ Ismael,DIAZ
Panama,11,MF,COOPER Armando,COOPER
Panama,17,DF,OVALLE Luis,OVALLE
Panama,9,FW,TORRES Gabriel,G. TORRES
Panama,21,MF,RODRIGUEZ Jose Luis,J. RODRIGUEZ
Panama,2,DF,MURILLO Michael,MURILLO
Panama,13,DF,MACHADO Adolfo,MACHADO
Panama,14,MF,PIMENTEL Valentin,PIMENTEL
Panama,15,DF,DAVIS Eric,DAVIS
Panama,4,DF,ESCOBAR Fidel,ESCOBAR
Panama,6,MF,GOMEZ Gabriel,GOMEZ
Panama,16,FW,ARROYO Abdiel,ARROYO
Panama,20,MF,GODOY Anibal,GODOY
Panama,7,FW,PEREZ Blas,PEREZ
Panama,22,GK,RODRIGUEZ Alex,RODRIGUEZ
Panama,12,GK,CALDERON Jose,CALDERON
Panama,18,FW,TEJADA Luis,TEJADA
Panama,23,DF,BALOY Felipe,BALOY
Panama,3,DF,CUMMINGS Harold,CUMMINGS
Panama,5,DF,TORRES Roman,R. TORRES
Peru,7,MF,HURTADO Paolo,HURTADO
Peru,11,FW,RUIDIAZ Raul,RUIDIAZ
Peru,22,DF,LOYOLA Nilson,LOYOLA
Peru,8,MF,CUEVA Christian,CUEVA
Peru,19,MF,YOTUN Yoshimar,YOTUN
Peru,14,MF,POLO Andy,POLO
Peru,23,MF,AQUINO Pedro,AQUINO
Peru,15,DF,RAMOS Christian,RAMOS
Peru,20,FW,FLORES Edison,FLORES
Peru,6,DF,TRAUCO Miguel,TRAUCO
Peru,3,DF,CORZO Aldo,CORZO
Peru,16,MF,CARTAGENA Wilder,CARTAGENA
Peru,5,DF,ARAUJO Miguel,ARAUJO
Peru,18,FW,CARRILLO Andre,CARRILLO
Peru,2,DF,RODRIGUEZ Alberto,RODRIGUEZ
Peru,12,GK,CACEDA Carlos,CACEDA
Peru,1,GK,GALLESE Pedro,GALLESE
Peru,17,DF,ADVINCULA Luis,ADVINCULA
Peru,4,DF,SANTAMARIA Anderson,SANTAMARIA
Peru,21,GK,CARVALLO Jose,CARVALLO
Peru,10,FW,FARFAN Jefferson,FARFAN
Peru,13,MF,TAPIA Renato,TAPIA
Peru,9,FW,GUERRERO Paolo,GUERRERO
Poland,19,MF,ZIELINSKI Piotr,ZIELINSKI
Poland,6,MF,GORALSKI Jacek,GORALSKI
Poland,17,MF,PESZKO Slawomir,PESZKO
Poland,16,MF,BLASZCZYKOWSKI Jakub,BLASZCZYKOWSKI
Poland,18,DF,BERESZYNSKI Bartosz,BERESZYNSKI
Poland,8,MF,LINETTY Karol,LINETTY
Poland,21,MF,KURZAWA Rafal,KURZAWA
Poland,13,MF,RYBUS Maciej,RYBUS
Poland,23,FW,KOWNACKI Dawid,KOWNACKI
Poland,5,DF,BEDNAREK Jan,BEDNAREK
Poland,2,DF,PAZDAN Michal,PAZDAN
Poland,3,DF,JEDRZEJCZYK Artur,JEDRZEJCZYK
Poland,11,MF,GROSICKI Kamil,GROSICKI
Poland,14,FW,TEODORCZYK Lukasz,TEODORCZYK
Poland,9,FW,LEWANDOWSKI Robert,LEWANDOWSKI
Poland,20,DF,PISZCZEK Lukasz,PISZCZEK
Poland,15,DF,GLIK Kamil,GLIK
Poland,4,DF,CIONEK Thiago,CIONEK
Poland,7,FW,MILIK Arkadiusz,MILIK
Poland,10,MF,KRYCHOWIAK Grzegorz,KRYCHOWIAK
Poland,12,GK,BIALKOWSKI Bartosz,BIALKOWSKI
Poland,22,GK,FABIANSKI Lukasz,FABIANSKI
Poland,1,GK,SZCZESNY Wojciech,SZCZESNY
Portugal,8,MF,JOAO MOUTINHO,J. MOUTINHO
Portugal,18,FW,GELSON MARTINS,GELSON
Portugal,5,DF,RAPHAEL GUERREIRO,RAPHAEL
Portugal,16,MF,BRUNO FERNANDES,B. FERNANDES
Portugal,11,MF,BERNARDO SILVA,BERNARDO
Portugal,19,DF,MARIO RUI,MÁRIO RUI
Portugal,21,DF,CEDRIC,CÉDRIC
Portugal,4,MF,MANUEL FERNANDES,M. FERNANDES
Portugal,15,DF,RICARDO,RICARDO
Portugal,17,FW,GONCALO GUEDES,G. GUEDES
Portugal,23,MF,ADRIEN SILVA,ADRIEN
Portugal,10,MF,JOAO MARIO,J. MÁRIO
Portugal,20,FW,RICARDO QUARESMA,QUARESMA
Portugal,9,FW,ANDRE SILVA,ANDRÉ SILVA
Portugal,22,GK,BETO,BETO
Portugal,7,FW,CRISTIANO RONALDO,RONALDO
Portugal,14,MF,WILLIAM,WILLIAM
Portugal,3,DF,PEPE,PEPE
Portugal,12,GK,ANTHONY LOPES,LOPES
Portugal,2,DF,BRUNO ALVES,B. ALVES
Portugal,13,DF,RUBEN DIAS,RUBEN DIAS
Portugal,1,GK,RUI PATRICIO,RUI PATRICIO
Portugal,6,DF,JOSE FONTE,FONTE
Russia,16,MF,MIRANCHUK Anton,MIRANCHUK AN.
Russia,6,MF,CHERYSHEV Denis,CHERYSHEV
Russia,17,MF,GOLOVIN Aleksandr,GOLOVIN
Russia,23,DF,SMOLNIKOV Igor,SMOLNIKOV
Russia,9,MF,DZAGOEV Alan,DZAGOEV
Russia,7,MF,KUZIAEV Daler,KUZIAEV
Russia,19,MF,SAMEDOV Alexander,SAMEDOV
Russia,8,MF,GAZINSKY Iury,GAZINSKII
Russia,18,MF,ZHIRKOV Yury,ZHIRKOV
Russia,11,MF,ZOBNIN Roman,ZOBNIN
Russia,15,MF,MIRANCHUK Alexey,MIRANCHUK AL.
Russia,13,DF,KUDRIASHOV Fedor,KUDRIASHOV
Russia,2,DF,MARIO FERNANDES,FERNANDES
Russia,10,FW,SMOLOV Fedor,SMOLOV
Russia,21,MF,EROKHIN Aleksandr,EROKHIN
Russia,12,GK,LUNEV Andrei,LUNEV
Russia,14,DF,GRANAT Vladimir,GRANAT
Russia,20,GK,GABULOV Vladimir,GABULOV
Russia,3,DF,KUTEPOV Ilya,KUTEPOV
Russia,1,GK,AKINFEEV Igor,AKINFEEV
Russia,4,DF,IGNASHEVICH Sergey,IGNASHEVICH
Russia,5,DF,SEMENOV Andrey,SEMENOV
Russia,22,FW,DZYUBA Artem,DZYUBA
Saudi Arabia,6,DF,MOHAMMED ALBURAYK,ALBURAYK
Saudi Arabia,7,MF,SALMAN ALFARAJ,SALMAN
Saudi Arabia,8,MF,YAHIA ALSHEHRI,YAHIA
Saudi Arabia,13,DF,YASIR ALSHAHRANI,YASIR
Saudi Arabia,19,FW,FAHAD ALMUWALLAD,FAHAD
Saudi Arabia,9,MF,HATAN BAHBIR,HATAN
Saudi Arabia,14,MF,ABDULLAH OTAYF,OTAYF
Saudi Arabia,15,MF,ABDULLAH ALKHAIBARI,ALKHAIBARI
Saudi Arabia,2,DF,MANSOUR ALHARBI,MANSOUR
Saudi Arabia,18,MF,SALEM ALDAWSARI,SALEM
Saudi Arabia,17,MF,TAISEER ALJASSAM,TAISEER
Saudi Arabia,11,MF,ABDULMALEK ALKHAIBRI,ABDULMALEK
Saudi Arabia,12,MF,MOHAMED KANNO,KANNO
Saudi Arabia,10,FW,MOHAMMED ALSAHLAWI,ALSAHLAWI
Saudi Arabia,5,DF,OMAR OTHMAN,OMAR
Saudi Arabia,16,MF,HUSSAIN ALMOQAHWI,HUSSAIN
Saudi Arabia,20,FW,MUHANNAD ASIRI,MUHANNAD
Saudi Arabia,22,GK,MOHAMMED ALOWAIS,ALOWAIS
Saudi Arabia,23,DF,MOTAZ HAWSAWI,MOTAZ
Saudi Arabia,3,DF,OSAMA HAWSAWI,OSAMA
Saudi Arabia,4,DF,ALI ALBULAYHI,ALI
Saudi Arabia,21,GK,YASSER ALMOSAILEM,ALMOSAILEM
Saudi Arabia,1,GK,ABDULLAH ALMUAIOUF,ABDULLAH
Senegal,5,MF,GUEYE Idrissa Gana,GANA
Senegal,2,DF,CISS Saliou,CISS
Senegal,10,FW,MANE Sadio,MANE
Senegal,18,FW,SARR Ismaila,ISMAÏLA
Senegal,22,DF,WAGUE Moussa,M. WAGUE
Senegal,12,DF,SABALY Youssouf,SABALY
Senegal,17,MF,NDIAYE Pape Alioune,P.A. NDIAYE
Senegal,19,FW,NIANG Mbaye,NIANG
Senegal,21,DF,GASSAMA Lamine,GASSAMA
Senegal,7,FW,SOW Moussa,SOW
Senegal,8,MF,KOUYATE Cheikhou,C. KOUYATE
Senegal,20,FW,BALDE Keita,KEÏTA BALDE
Senegal,14,FW,KONATE Moussa,KONATE
Senegal,1,GK,DIALLO Abdoulaye,DIALLO
Senegal,15,FW,SAKHO Diafra,SAKHO
Senegal,13,MF,NDIAYE Alfred,A. NDIAYE
Senegal,16,GK,NDIAYE Khadim,KH. NDIAYE
Senegal,23,GK,GOMIS Alfred,GOMIS
Senegal,9,FW,DIOUF Mame,M. DIOUF
Senegal,6,MF,SANE Salif,S. SANE
Senegal,4,DF,MBODJI Kara,KARA
Senegal,3,DF,KOULIBALY Kalidou,KOULIBALY
Senegal,11,MF,NDOYE Cheikh,CH. NDOYE
Serbia,7,MF,ZIVKOVIC Andrija,ŽIVKOVI?
Serbia,14,DF,RODIC Milan,RODI?
Serbia,2,DF,RUKAVINA Antonio,RUKAVINA
Serbia,22,MF,LJAJIC Adem,LJAJI?
Serbia,19,FW,JOVIC Luka,JOVI?
Serbia,10,MF,TADIC Dusan,TADI?
Serbia,18,FW,RADONJIC Nemanja,RADONJI?
Serbia,20,MF,MILINKOVIC-SAVIC Sergej,SERGEJ
Serbia,13,DF,VELJKOVIC Milos,VELJKOVI?
Serbia,3,DF,TOSIC Dusko,TOŠI?
Serbia,4,MF,MILIVOJEVIC Luka,MILIVOJEVI?
Serbia,5,DF,SPAJIC Uros,SPAJI?
Serbia,9,FW,MITROVIC Aleksandar,MITROVI?
Serbia,16,MF,GRUJIC Marko,GRUJI?
Serbia,17,MF,KOSTIC Filip,KOSTI?
Serbia,11,DF,KOLAROV Aleksandar,KOLAROV
Serbia,12,GK,RAJKOVIC Predrag,RAJKOVI?
Serbia,21,MF,MATIC Nemanja,MATI?
Serbia,8,FW,PRIJOVIC Aleksandar,PRIJOVI?
Serbia,6,DF,IVANOVIC Branislav,IVANOVI?
Serbia,15,DF,MILENKOVIC Nikola,MILENKOVI?
Serbia,23,GK,DMITROVIC Marko,DMITROVI?
Serbia,1,GK,STOJKOVIC Vladimir,STOJKOVI?
Spain,12,DF,ODRIOZOLA Alvaro,ODRIOZOLA
Spain,17,FW,ASPAS Iago,IAGO ASPAS
Spain,21,FW,SILVA David,SILVA
Spain,6,MF,INIESTA Andres,A. INIESTA
Spain,18,DF,ALBA Jordi,JORDI ALBA
Spain,10,MF,THIAGO,THIAGO
Spain,11,FW,VAZQUEZ Lucas,LUCAS V.
Spain,1,GK,DE GEA David,DE GEA
Spain,9,FW,RODRIGO,RODRIGO M.
Spain,16,DF,MONREAL Nacho,MONREAL
Spain,2,DF,CARVAJAL Dani,CARVAJAL
Spain,8,MF,KOKE,KOKE
Spain,22,MF,ISCO,ISCO
Spain,15,DF,RAMOS Sergio,RAMOS
Spain,7,MF,SAUL,SAÚL
Spain,20,MF,ASENSIO Marco,ASENSIO
Spain,4,DF,NACHO,NACHO
Spain,5,MF,BUSQUETS Sergio,SERGIO
Spain,14,DF,AZPILICUETA Cesar,AZPILICUETA
Spain,13,GK,ARRIZABALAGA Kepa,ARRIZABALAGA
Spain,3,DF,PIQUE Gerard,PIQUÉ
Spain,19,FW,COSTA Diego,DIEGO COSTA
Spain,23,GK,REINA Pepe,REINA
Sweden,21,MF,DURMAZ Jimmy,DURMAZ
Sweden,7,MF,LARSSON Sebastian,LARSSON
Sweden,16,DF,KRAFTH Emil,KRAFTH
Sweden,15,MF,HILJEMARK Oscar,HILJEMARK
Sweden,8,MF,EKDAL Albin,EKDAL
Sweden,6,DF,AUGUSTINSSON Ludwig,AUGUSTINSSON
Sweden,9,FW,BERG Marcus,BERG
Sweden,19,MF,ROHDEN Marcus,ROHDÉN
Sweden,2,DF,LUSTIG Mikael,LUSTIG
Sweden,13,MF,SVENSSON Gustav,SVENSSON
Sweden,10,MF,FORSBERG Emil,FORSBERG
Sweden,20,FW,TOIVONEN Ola,TOIVONEN
Sweden,11,FW,GUIDETTI John,GUIDETTI
Sweden,17,MF,CLAESSON Viktor,CLAESSON
Sweden,3,DF,LINDELOF Victor,LINDELÖF
Sweden,5,DF,OLSSON Martin,OLSSON
Sweden,12,GK,JOHNSSON Karl-Johan,JOHNSSON
Sweden,14,DF,HELANDER Filip,HELANDER
Sweden,22,FW,THELIN Isaac Kiese,KIESE THELIN
Sweden,4,DF,GRANQVIST Andreas,GRANQVIST
Sweden,23,GK,NORDFELDT Kristoffer,NORDFELDT
Sweden,1,GK,OLSEN Robin,OLSEN
Sweden,18,DF,JANSSON Pontus,JANSSON
Switzerland,16,MF,FERNANDES Gelson,G. FERNANDES
Switzerland,8,MF,FREULER Remo,FREULER
Switzerland,18,FW,GAVRANOVIC Mario,GAVRANOVIC
Switzerland,3,DF,MOUBANDJE Francois,MOUBANDJE
Switzerland,2,DF,LICHTSTEINER Stephan,LICHTSTEINER
Switzerland,4,DF,ELVEDI Nico,ELVEDI
Switzerland,15,MF,DZEMAILI Blerim,DZEMAILI
Switzerland,17,MF,ZAKARIA Denis,ZAKARIA
Switzerland,6,DF,LANG Michael,LANG
Switzerland,11,MF,BEHRAMI Valon,BEHRAMI
Switzerland,19,FW,DRMIC Josip,DRMIC
Switzerland,23,MF,SHAQIRI Xherdan,SHAQIRI
Switzerland,13,DF,RODRIGUEZ Ricardo,RODRIGUEZ
Switzerland,14,MF,ZUBER Steven,ZUBER
Switzerland,1,GK,SOMMER Yann,SOMMER
Switzerland,10,MF,XHAKA Granit,XHAKA
Switzerland,21,GK,BUERKI Roman,BÜRKI
Switzerland,22,DF,SCHAER Fabian,SCHÄR
Switzerland,12,GK,MVOGO Yvon,MVOGO
Switzerland,5,DF,AKANJI Manuel,AKANJI
Switzerland,7,FW,EMBOLO Breel,EMBOLO
Switzerland,9,FW,SEFEROVIC Haris,SEFEROVIC
Switzerland,20,DF,DJOUROU Johan,DJOUROU
Tunisia,23,FW,SLITI Naim,SLITI
Tunisia,17,MF,SKHIRI Ellyes,SKHIRI JORIS
Tunisia,4,DF,MERIAH Yassine,MERIAH
Tunisia,9,MF,BADRI Anice,BADRI
Tunisia,20,FW,CHAALELI Ghaylen,CHAALELI
Tunisia,22,GK,HASSEN Mouez,HASSEN
Tunisia,18,FW,SRARFI Bassem,SRARFI
Tunisia,12,DF,MAALOUL Ali,MAALOUL
Tunisia,19,FW,KHALIFA Saber,KHALIFA
Tunisia,3,DF,BEN ALOUANE Yohan,BEN ALOUANE
Tunisia,11,DF,BRONN Dylan,BRONN
Tunisia,14,MF,BEN AMOR Mohamed,BEN AMOR
Tunisia,15,FW,KHALIL Ahmed,KHALIL
Tunisia,21,DF,NAGUEZ Hamdi,NAGUEZ
Tunisia,5,DF,HADDADI Oussama,HADDADI
Tunisia,7,FW,KHAOUI Saifeddine,KHAOUI
Tunisia,10,FW,KHAZRI Wahbi,KHAZRI
Tunisia,6,DF,BEDOUI Rami,BEDOUI
Tunisia,8,FW,BEN YOUSSEF Fakhreddine,BEN YOUSSEF .F
Tunisia,13,MF,SASSI Ferjani,SASSI
Tunisia,16,GK,MATHLOUTHI Aymen,MATHLOUTHI .A
Tunisia,1,GK,BEN MUSTAPHA Farouk,BEN MUSTAPHA
Tunisia,2,DF,BEN YOUSSEF Syam,BEN YOUSSEF .S
Uruguay,8,MF,NANDEZ Nahitan,NANDEZ
Uruguay,14,MF,TORREIRA Lucas,TORREIRA
Uruguay,10,FW,DE ARRASCAETA Giorgian,DE ARRASCAETA
Uruguay,17,MF,LAXALT Diego,LAXALT
Uruguay,20,FW,URRETAVISCAYA Jonathan,URRETAVISCAYA
Uruguay,4,DF,VARELA Guillermo,VARELA
Uruguay,3,DF,GODIN Diego,GODIN
Uruguay,6,MF,BENTANCUR Rodrigo,BENTANCUR
Uruguay,16,DF,PEREIRA Maximiliano,M. PEREIRA
Uruguay,1,GK,MUSLERA Fernando,MUSLERA
Uruguay,5,MF,SANCHEZ Carlos,SANCHEZ
Uruguay,13,DF,SILVA Gaston,G. SILVA
Uruguay,22,DF,CACERES Martin,CACERES
Uruguay,2,DF,GIMENEZ Jose,J.M. GIMENEZ
Uruguay,11,FW,STUANI Cristhian,STUANI
Uruguay,21,FW,CAVANI Edinson,CAVANI
Uruguay,7,MF,RODRIGUEZ Cristian,C. RODRIGUEZ
Uruguay,12,GK,CAMPANA Martin,CAMPAÑA
Uruguay,15,MF,VECINO Matias,VECINO
Uruguay,23,GK,SILVA Martin,M. SILVA
Uruguay,9,FW,SUAREZ Luis,SUAREZ
Uruguay,18,FW,GOMEZ Maximiliano,M. GOMEZ
Uruguay,19,DF,COATES Sebastian,COATES
